size,num_locks,threads,bench,throughput
64,2000,1,pessimistic_batch_1,0.1940442
64,2000,2,pessimistic_batch_1,0.38463379999999997
64,2000,4,pessimistic_batch_1,0.785742
64,2000,8,pessimistic_batch_1,1.5570565
64,2000,16,pessimistic_batch_1,3.0203069
64,2000,1,pessimistic_batch_32,0.2122272
64,2000,2,pessimistic_batch_32,0.420112
64,2000,4,pessimistic_batch_32,0.8452256
64,2000,8,pessimistic_batch_32,1.6910336000000001
64,2000,16,pessimistic_batch_32,3.2689247999999997
64,2000,1,broken_batch_1,0.1121152
64,2000,2,broken_batch_1,0.22281610000000002
64,2000,4,broken_batch_1,0.4444147
64,2000,8,broken_batch_1,0.8849494
64,2000,16,broken_batch_1,1.7005276999999999
64,2000,1,broken_batch_32,1.3218208
64,2000,2,broken_batch_32,2.6157376
64,2000,4,broken_batch_32,5.1466624
64,2000,8,broken_batch_32,9.811372800000001
64,2000,16,broken_batch_32,17.359184
64,2000,1,rc_batch_32,1.5186528000000001
64,2000,2,rc_batch_32,3.0051936
64,2000,4,rc_batch_32,5.8598976
64,2000,8,rc_batch_32,11.0992256
64,2000,16,rc_batch_32,19.8554912
64,2000,1,rcopt_batch_32,2.1164416
64,2000,2,rcopt_batch_32,4.201056
64,2000,4,rcopt_batch_32,8.0925632
64,2000,8,rcopt_batch_32,15.110550400000001
64,2000,16,rcopt_batch_32,20.4680608
64,2000,1,farm_fixed_nomemcpy_batch_1,0.2338509
64,2000,2,farm_fixed_nomemcpy_batch_1,0.4223941
64,2000,4,farm_fixed_nomemcpy_batch_1,0.8633875999999999
64,2000,8,farm_fixed_nomemcpy_batch_1,1.6790568000000001
64,2000,16,farm_fixed_nomemcpy_batch_1,3.2252162
64,2000,1,farm_fixed_nomemcpy_batch_32,2.535152
64,2000,2,farm_fixed_nomemcpy_batch_32,5.0224384
64,2000,4,farm_fixed_nomemcpy_batch_32,9.8826464
64,2000,8,farm_fixed_nomemcpy_batch_32,18.8909472
64,2000,16,farm_fixed_nomemcpy_batch_32,34.755056
64,2000,1,farm_fixed_memcpy_batch_1,0.21239260000000001
64,2000,2,farm_fixed_memcpy_batch_1,0.4200117
64,2000,4,farm_fixed_memcpy_batch_1,0.8369683
64,2000,8,farm_fixed_memcpy_batch_1,1.6880319
64,2000,16,farm_fixed_memcpy_batch_1,3.2279177999999997
64,2000,1,farm_fixed_memcpy_batch_32,2.5148544
64,2000,2,farm_fixed_memcpy_batch_32,4.8842816
64,2000,4,farm_fixed_memcpy_batch_32,9.754841599999999
64,2000,8,farm_fixed_memcpy_batch_32,17.8294976
64,2000,16,farm_fixed_memcpy_batch_32,21.837238399999997
128,2000,1,pessimistic_batch_1,0.1897543
128,2000,2,pessimistic_batch_1,0.3761664
128,2000,4,pessimistic_batch_1,0.7504464000000001
128,2000,8,pessimistic_batch_1,1.5062331
128,2000,16,pessimistic_batch_1,2.9117986
128,2000,1,pessimistic_batch_32,0.2076192
128,2000,2,pessimistic_batch_32,0.41106240000000005
128,2000,4,pessimistic_batch_32,0.8268864
128,2000,8,pessimistic_batch_32,1.6530048
128,2000,16,pessimistic_batch_32,3.1933536
128,2000,1,broken_batch_1,0.1112985
128,2000,2,broken_batch_1,0.2210179
128,2000,4,broken_batch_1,0.4408073
128,2000,8,broken_batch_1,0.8784595
128,2000,16,broken_batch_1,1.6878266000000002
128,2000,1,broken_batch_32,1.3117664
128,2000,2,broken_batch_32,2.5962496
128,2000,4,broken_batch_32,5.0885952
128,2000,8,broken_batch_32,9.641491199999999
128,2000,16,broken_batch_32,17.6856768
128,2000,1,rc_batch_32,1.5056
128,2000,2,rc_batch_32,2.9798848
128,2000,4,rc_batch_32,5.7806368
128,2000,8,rc_batch_32,10.8911232
128,2000,16,rc_batch_32,20.0014976
128,2000,1,rcopt_batch_32,2.1123712
128,2000,2,rcopt_batch_32,4.1676063999999995
128,2000,4,rcopt_batch_32,8.0288608
128,2000,8,rcopt_batch_32,15.3185728
128,2000,16,rcopt_batch_32,20.758496
128,2000,1,farm_fixed_nomemcpy_batch_1,0.2095177
128,2000,2,farm_fixed_nomemcpy_batch_1,0.41630540000000005
128,2000,4,farm_fixed_nomemcpy_batch_1,0.8300508000000001
128,2000,8,farm_fixed_nomemcpy_batch_1,1.6556989
128,2000,16,farm_fixed_nomemcpy_batch_1,3.2076111000000003
128,2000,1,farm_fixed_nomemcpy_batch_32,2.484576
128,2000,2,farm_fixed_nomemcpy_batch_32,4.9211232
128,2000,4,farm_fixed_nomemcpy_batch_32,9.6403232
128,2000,8,farm_fixed_nomemcpy_batch_32,18.316992
128,2000,16,farm_fixed_nomemcpy_batch_32,33.476112
128,2000,1,farm_fixed_memcpy_batch_1,0.2091269
128,2000,2,farm_fixed_memcpy_batch_1,0.41356109999999996
128,2000,4,farm_fixed_memcpy_batch_1,0.8251824
128,2000,8,farm_fixed_memcpy_batch_1,1.6444568
128,2000,16,farm_fixed_memcpy_batch_1,3.1761028
128,2000,1,farm_fixed_memcpy_batch_32,2.4457888
128,2000,2,farm_fixed_memcpy_batch_32,4.7541376
128,2000,4,farm_fixed_memcpy_batch_32,9.372992
128,2000,8,farm_fixed_memcpy_batch_32,16.768726400000002
128,2000,16,farm_fixed_memcpy_batch_32,20.6370944
256,2000,1,pessimistic_batch_1,0.1873797
256,2000,2,pessimistic_batch_1,0.37142240000000004
256,2000,4,pessimistic_batch_1,0.7398471
256,2000,8,pessimistic_batch_1,1.4848146
256,2000,16,pessimistic_batch_1,2.8912376
256,2000,1,pessimistic_batch_32,0.20479039999999998
256,2000,2,pessimistic_batch_32,0.40616640000000004
256,2000,4,pessimistic_batch_32,0.8164992
256,2000,8,pessimistic_batch_32,1.6292224
256,2000,16,pessimistic_batch_32,3.1365407999999997
256,2000,1,broken_batch_1,0.1106765
256,2000,2,broken_batch_1,0.2197434
256,2000,4,broken_batch_1,0.4379836
256,2000,8,broken_batch_1,0.8717587
256,2000,16,broken_batch_1,1.6723867
256,2000,1,broken_batch_32,1.2974816
256,2000,2,broken_batch_32,2.5682976
256,2000,4,broken_batch_32,4.995638400000001
256,2000,8,broken_batch_32,9.376595199999999
256,2000,16,broken_batch_32,16.895904
256,2000,1,rc_batch_32,1.487456
256,2000,2,rc_batch_32,2.9419232
256,2000,4,rc_batch_32,5.662928
256,2000,8,rc_batch_32,10.534307199999999
256,2000,16,rc_batch_32,18.7093952
256,2000,1,rcopt_batch_32,2.0971072
256,2000,2,rcopt_batch_32,4.1154176
256,2000,4,rcopt_batch_32,7.86288
256,2000,8,rcopt_batch_32,14.577843199999998
256,2000,16,rcopt_batch_32,21.2271872
256,2000,1,farm_fixed_nomemcpy_batch_1,0.20686220000000002
256,2000,2,farm_fixed_nomemcpy_batch_1,0.4107889
256,2000,4,farm_fixed_nomemcpy_batch_1,0.8202697
256,2000,8,farm_fixed_nomemcpy_batch_1,1.6323754
256,2000,16,farm_fixed_nomemcpy_batch_1,3.137573
256,2000,1,farm_fixed_nomemcpy_batch_32,2.4128127999999998
256,2000,2,farm_fixed_nomemcpy_batch_32,4.7682208
256,2000,4,farm_fixed_nomemcpy_batch_32,9.2795136
256,2000,8,farm_fixed_nomemcpy_batch_32,17.3068864
256,2000,16,farm_fixed_nomemcpy_batch_32,29.6504864
256,2000,1,farm_fixed_memcpy_batch_1,0.20652679999999998
256,2000,2,farm_fixed_memcpy_batch_1,0.40155
256,2000,4,farm_fixed_memcpy_batch_1,0.7996468000000001
256,2000,8,farm_fixed_memcpy_batch_1,1.5933641
256,2000,16,farm_fixed_memcpy_batch_1,3.0500274
256,2000,1,farm_fixed_memcpy_batch_32,2.3498943999999997
256,2000,2,farm_fixed_memcpy_batch_32,4.584576
256,2000,4,farm_fixed_memcpy_batch_32,8.6723584
256,2000,8,farm_fixed_memcpy_batch_32,12.109888
256,2000,16,farm_fixed_memcpy_batch_32,11.7280256
512,2000,1,pessimistic_batch_1,0.1831547
512,2000,2,pessimistic_batch_1,0.3631056
512,2000,4,pessimistic_batch_1,0.7242839
512,2000,8,pessimistic_batch_1,1.4524439
512,2000,16,pessimistic_batch_1,2.8066798
512,2000,1,pessimistic_batch_32,0.2008768
512,2000,2,pessimistic_batch_32,0.3982912
512,2000,4,pessimistic_batch_32,0.7965376
512,2000,8,pessimistic_batch_32,1.5864256
512,2000,16,pessimistic_batch_32,3.0353696
512,2000,1,broken_batch_1,0.1092867
512,2000,2,broken_batch_1,0.2168775
512,2000,4,broken_batch_1,0.4326576
512,2000,8,broken_batch_1,0.8605324
512,2000,16,broken_batch_1,1.6471213999999998
512,2000,1,broken_batch_32,1.2740448
512,2000,2,broken_batch_32,2.5121887999999997
512,2000,4,broken_batch_32,4.8377408
512,2000,8,broken_batch_32,8.8863776
512,2000,16,broken_batch_32,14.851152
512,2000,1,rc_batch_32,1.4629151999999999
512,2000,2,rc_batch_32,2.8739616
512,2000,4,rc_batch_32,5.4528544000000005
512,2000,8,rc_batch_32,9.8354112
512,2000,16,rc_batch_32,14.146787199999999
512,2000,1,rcopt_batch_32,2.0835711999999997
512,2000,2,rcopt_batch_32,4.0312
512,2000,4,rcopt_batch_32,7.554256
512,2000,8,rcopt_batch_32,12.102582400000001
512,2000,16,rcopt_batch_32,15.158924800000001
512,2000,1,farm_fixed_nomemcpy_batch_1,0.2013941
512,2000,2,farm_fixed_nomemcpy_batch_1,0.39970609999999995
512,2000,4,farm_fixed_nomemcpy_batch_1,0.7981091
512,2000,8,farm_fixed_nomemcpy_batch_1,1.6094673000000002
512,2000,16,farm_fixed_nomemcpy_batch_1,3.0517639
512,2000,1,farm_fixed_nomemcpy_batch_32,2.2868736000000003
512,2000,2,farm_fixed_nomemcpy_batch_32,4.4943776
512,2000,4,farm_fixed_nomemcpy_batch_32,8.644944
512,2000,8,farm_fixed_nomemcpy_batch_32,15.671753599999999
512,2000,16,farm_fixed_nomemcpy_batch_32,20.833305600000003
512,2000,1,farm_fixed_memcpy_batch_1,0.20026829999999998
512,2000,2,farm_fixed_memcpy_batch_1,0.40397059999999996
512,2000,4,farm_fixed_memcpy_batch_1,0.7585368
512,2000,8,farm_fixed_memcpy_batch_1,1.5126763
512,2000,16,farm_fixed_memcpy_batch_1,2.9005845
512,2000,1,farm_fixed_memcpy_batch_32,2.1749536000000003
512,2000,2,farm_fixed_memcpy_batch_32,4.1691552000000005
512,2000,4,farm_fixed_memcpy_batch_32,7.3914016
512,2000,8,farm_fixed_memcpy_batch_32,9.20032
512,2000,16,farm_fixed_memcpy_batch_32,7.8408224
1024,2000,1,pessimistic_batch_1,0.1789323
1024,2000,2,pessimistic_batch_1,0.3528249
1024,2000,4,pessimistic_batch_1,0.7035155
1024,2000,8,pessimistic_batch_1,1.4073738
1024,2000,16,pessimistic_batch_1,2.7149424
1024,2000,1,pessimistic_batch_32,0.19483520000000001
1024,2000,2,pessimistic_batch_32,0.384752
1024,2000,4,pessimistic_batch_32,0.7681631999999999
1024,2000,8,pessimistic_batch_32,1.5343328
1024,2000,16,pessimistic_batch_32,2.9356768
1024,2000,1,broken_batch_1,0.1076573
1024,2000,2,broken_batch_1,0.2136896
1024,2000,4,broken_batch_1,0.426417
1024,2000,8,broken_batch_1,0.8482541
1024,2000,16,broken_batch_1,1.6227733999999998
1024,2000,1,broken_batch_32,1.2384864
1024,2000,2,broken_batch_32,2.4077216
1024,2000,4,broken_batch_32,4.5650336
1024,2000,8,broken_batch_32,7.889865599999999
1024,2000,16,broken_batch_32,9.483827199999999
1024,2000,1,rc_batch_32,1.4218048
1024,2000,2,rc_batch_32,2.764208
1024,2000,4,rc_batch_32,5.1126688
1024,2000,8,rc_batch_32,7.4740096
1024,2000,16,rc_batch_32,9.0562208
1024,2000,1,rcopt_batch_32,2.0539648
1024,2000,2,rcopt_batch_32,3.9078336
1024,2000,4,rcopt_batch_32,6.6391072
1024,2000,8,rcopt_batch_32,8.0352448
1024,2000,16,rcopt_batch_32,8.9863296
1024,2000,1,farm_fixed_nomemcpy_batch_1,0.19495310000000002
1024,2000,2,farm_fixed_nomemcpy_batch_1,0.3880794
1024,2000,4,farm_fixed_nomemcpy_batch_1,0.7727986
1024,2000,8,farm_fixed_nomemcpy_batch_1,1.5403381
1024,2000,16,farm_fixed_nomemcpy_batch_1,2.9583191
1024,2000,1,farm_fixed_nomemcpy_batch_32,2.0992224
1024,2000,2,farm_fixed_nomemcpy_batch_32,4.0462976
1024,2000,4,farm_fixed_nomemcpy_batch_32,7.490704
1024,2000,8,farm_fixed_nomemcpy_batch_32,11.2231296
1024,2000,16,farm_fixed_nomemcpy_batch_32,11.222976
1024,2000,1,farm_fixed_memcpy_batch_1,0.19195410000000002
1024,2000,2,farm_fixed_memcpy_batch_1,0.36971990000000005
1024,2000,4,farm_fixed_memcpy_batch_1,0.7298873
1024,2000,8,farm_fixed_memcpy_batch_1,1.4263681000000001
1024,2000,16,farm_fixed_memcpy_batch_1,2.6773347999999997
1024,2000,1,farm_fixed_memcpy_batch_32,1.9250656000000002
1024,2000,2,farm_fixed_memcpy_batch_32,3.2789664
1024,2000,4,farm_fixed_memcpy_batch_32,4.248256
1024,2000,8,farm_fixed_memcpy_batch_32,5.5836032
1024,2000,16,farm_fixed_memcpy_batch_32,6.7897696
2048,2000,1,pessimistic_batch_1,0.1714509
2048,2000,2,pessimistic_batch_1,0.33993229999999997
2048,2000,4,pessimistic_batch_1,0.6786416
2048,2000,8,pessimistic_batch_1,1.3512195
2048,2000,16,pessimistic_batch_1,2.5507537
2048,2000,1,pessimistic_batch_32,0.1871776
2048,2000,2,pessimistic_batch_32,0.3694048
2048,2000,4,pessimistic_batch_32,0.7349152
2048,2000,8,pessimistic_batch_32,1.4543712
2048,2000,16,pessimistic_batch_32,2.7150976
2048,2000,1,broken_batch_1,0.10483239999999999
2048,2000,2,broken_batch_1,0.2190275
2048,2000,4,broken_batch_1,0.4158985
2048,2000,8,broken_batch_1,0.82755
2048,2000,16,broken_batch_1,1.561697
2048,2000,1,broken_batch_32,1.1732672
2048,2000,2,broken_batch_32,2.2539552
2048,2000,4,broken_batch_32,3.9310624
2048,2000,8,broken_batch_32,5.195846400000001
2048,2000,16,broken_batch_32,5.367225599999999
2048,2000,1,rc_batch_32,1.3477728
2048,2000,2,rc_batch_32,2.5827424
2048,2000,4,rc_batch_32,3.8784416
2048,2000,8,rc_batch_32,4.6095808
2048,2000,16,rc_batch_32,5.2096127999999995
2048,2000,1,rcopt_batch_32,1.955424
2048,2000,2,rcopt_batch_32,3.6374847999999997
2048,2000,4,rcopt_batch_32,4.2988767999999995
2048,2000,8,rcopt_batch_32,4.7982976
2048,2000,16,rcopt_batch_32,5.213008
2048,2000,1,farm_fixed_nomemcpy_batch_1,0.1841115
2048,2000,2,farm_fixed_nomemcpy_batch_1,0.36644720000000003
2048,2000,4,farm_fixed_nomemcpy_batch_1,0.7320146999999999
2048,2000,8,farm_fixed_nomemcpy_batch_1,1.4602097
2048,2000,16,farm_fixed_nomemcpy_batch_1,2.7756838
2048,2000,1,farm_fixed_nomemcpy_batch_32,1.7946976000000001
2048,2000,2,farm_fixed_nomemcpy_batch_32,3.3949344
2048,2000,4,farm_fixed_nomemcpy_batch_32,5.8351488
2048,2000,8,farm_fixed_nomemcpy_batch_32,5.8391104
2048,2000,16,farm_fixed_nomemcpy_batch_32,5.839184
2048,2000,1,farm_fixed_memcpy_batch_1,0.1806524
2048,2000,2,farm_fixed_memcpy_batch_1,0.3404534
2048,2000,4,farm_fixed_memcpy_batch_1,0.6312255
2048,2000,8,farm_fixed_memcpy_batch_1,1.1915948
2048,2000,16,farm_fixed_memcpy_batch_1,2.1978529
2048,2000,1,farm_fixed_memcpy_batch_32,1.5510336
2048,2000,2,farm_fixed_memcpy_batch_32,1.7064704
2048,2000,4,farm_fixed_memcpy_batch_32,2.5780448
2048,2000,8,farm_fixed_memcpy_batch_32,3.7883424
2048,2000,16,farm_fixed_memcpy_batch_32,3.9554367999999998
4096,2000,1,pessimistic_batch_1,0.1587283
4096,2000,2,pessimistic_batch_1,0.317206
4096,2000,4,pessimistic_batch_1,0.6309244
4096,2000,8,pessimistic_batch_1,1.2332249
4096,2000,16,pessimistic_batch_1,2.2535806000000003
4096,2000,1,pessimistic_batch_32,0.17237760000000002
4096,2000,2,pessimistic_batch_32,0.34367359999999997
4096,2000,4,pessimistic_batch_32,0.6776448
4096,2000,8,pessimistic_batch_32,1.3096416000000002
4096,2000,16,pessimistic_batch_32,2.361296
4096,2000,1,broken_batch_1,0.1000525
4096,2000,2,broken_batch_1,0.1994569
4096,2000,4,broken_batch_1,0.39750959999999996
4096,2000,8,broken_batch_1,0.778299
4096,2000,16,broken_batch_1,1.4098646000000001
4096,2000,1,broken_batch_32,1.0467264
4096,2000,2,broken_batch_32,1.7781312
4096,2000,4,broken_batch_32,2.4128448
4096,2000,8,broken_batch_32,2.6960287999999997
4096,2000,16,broken_batch_32,2.8321216000000002
4096,2000,1,rc_batch_32,1.2004544
4096,2000,2,rc_batch_32,1.9009376
4096,2000,4,rc_batch_32,2.3184288
4096,2000,8,rc_batch_32,2.595584
4096,2000,16,rc_batch_32,2.7548352
4096,2000,1,rcopt_batch_32,1.5256928
4096,2000,2,rcopt_batch_32,2.2003168
4096,2000,4,rcopt_batch_32,2.509696
4096,2000,8,rcopt_batch_32,2.6560352000000003
4096,2000,16,rcopt_batch_32,2.7940224
4096,2000,1,farm_fixed_nomemcpy_batch_1,0.166386
4096,2000,2,farm_fixed_nomemcpy_batch_1,0.33319879999999996
4096,2000,4,farm_fixed_nomemcpy_batch_1,0.6618756
4096,2000,8,farm_fixed_nomemcpy_batch_1,1.3069298999999999
4096,2000,16,farm_fixed_nomemcpy_batch_1,2.4187024
4096,2000,1,farm_fixed_nomemcpy_batch_32,1.366992
4096,2000,2,farm_fixed_nomemcpy_batch_32,2.1137183999999998
4096,2000,4,farm_fixed_nomemcpy_batch_32,2.9803456
4096,2000,8,farm_fixed_nomemcpy_batch_32,2.980368
4096,2000,16,farm_fixed_nomemcpy_batch_32,2.9770176
4096,2000,1,farm_fixed_memcpy_batch_1,0.1617208
4096,2000,2,farm_fixed_memcpy_batch_1,0.3028327
4096,2000,4,farm_fixed_memcpy_batch_1,0.6088783000000001
4096,2000,8,farm_fixed_memcpy_batch_1,1.0699592
4096,2000,16,farm_fixed_memcpy_batch_1,1.7207891000000002
4096,2000,1,farm_fixed_memcpy_batch_32,1.0850624
4096,2000,2,farm_fixed_memcpy_batch_32,0.7556288000000001
4096,2000,4,farm_fixed_memcpy_batch_32,1.365808
4096,2000,8,farm_fixed_memcpy_batch_32,2.2138272000000003
4096,2000,16,farm_fixed_memcpy_batch_32,2.679392
8192,2000,1,pessimistic_batch_1,0.1471759
8192,2000,2,pessimistic_batch_1,0.29420040000000003
8192,2000,4,pessimistic_batch_1,0.5846475999999999
8192,2000,8,pessimistic_batch_1,1.1008642
8192,2000,16,pessimistic_batch_1,1.467078
8192,2000,1,pessimistic_batch_32,0.1583424
8192,2000,2,pessimistic_batch_32,0.3158048
8192,2000,4,pessimistic_batch_32,0.6154688
8192,2000,8,pessimistic_batch_32,1.1549728000000001
8192,2000,16,pessimistic_batch_32,1.4604256
8192,2000,1,broken_batch_1,0.09532260000000001
8192,2000,2,broken_batch_1,0.1900025
8192,2000,4,broken_batch_1,0.3778575
8192,2000,8,broken_batch_1,0.7055776
8192,2000,16,broken_batch_1,1.1523715
8192,2000,1,broken_batch_32,0.8028512
8192,2000,2,broken_batch_32,1.1042592
8192,2000,4,broken_batch_32,1.4273248
8192,2000,8,broken_batch_32,1.4252032
8192,2000,16,broken_batch_32,1.4728832
8192,2000,1,rc_batch_32,0.9032992
8192,2000,2,rc_batch_32,1.1517792
8192,2000,4,rc_batch_32,1.3069248
8192,2000,8,rc_batch_32,1.3871103999999999
8192,2000,16,rc_batch_32,1.431264
8192,2000,1,rcopt_batch_32,1.0261856
8192,2000,2,rcopt_batch_32,1.2733504
8192,2000,4,rcopt_batch_32,1.3569888
8192,2000,8,rcopt_batch_32,1.4134208000000001
8192,2000,16,rcopt_batch_32,1.4711391999999999
8192,2000,1,farm_fixed_nomemcpy_batch_1,0.1485429
8192,2000,2,farm_fixed_nomemcpy_batch_1,0.29614009999999996
8192,2000,4,farm_fixed_nomemcpy_batch_1,0.58864
8192,2000,8,farm_fixed_nomemcpy_batch_1,1.1375802
8192,2000,16,farm_fixed_nomemcpy_batch_1,1.4987385
8192,2000,1,farm_fixed_nomemcpy_batch_32,0.8070688
8192,2000,2,farm_fixed_nomemcpy_batch_32,1.4661952
8192,2000,4,farm_fixed_nomemcpy_batch_32,1.4901888
8192,2000,8,farm_fixed_nomemcpy_batch_32,1.4902816
8192,2000,16,farm_fixed_nomemcpy_batch_32,1.4903552
8192,2000,1,farm_fixed_memcpy_batch_1,0.1418003
8192,2000,2,farm_fixed_memcpy_batch_1,0.25626920000000003
8192,2000,4,farm_fixed_memcpy_batch_1,0.5159119
8192,2000,8,farm_fixed_memcpy_batch_1,1.0163993
8192,2000,16,farm_fixed_memcpy_batch_1,1.2713807
8192,2000,1,farm_fixed_memcpy_batch_32,0.6545984
8192,2000,2,farm_fixed_memcpy_batch_32,1.230496
8192,2000,4,farm_fixed_memcpy_batch_32,0.7764512
8192,2000,8,farm_fixed_memcpy_batch_32,1.2201248
8192,2000,16,farm_fixed_memcpy_batch_32,1.3009568
